WILD;PROTEIN;REGION3-5
CGTACTTTGTACAAGTTAGCGATCGT;JDHYNCGTARGSTBH;3674891
AGTACGTGGTACATGTTATCGATCGA;JUNDTGARESCBNCK;5647834
CGTACTTTGTACAAGTTAGCGATCGT;KIJUGTDREASTRAW;8764542
AGTACGTGGTACAAGTTAGCGATCGA;MVJUNHDTERTSGBX;7845632
AGTACGTTGTAGAAGTTAGCGATCGA;IMJNHBVGFCDXSER;5637892
GGTACGTTGTACAAGTTGGCGATCGA;MNBVCXZASEDRFTG;4567893
AGTACGTCCTATAAGTTAGCGATCGT;LOMKJINUHNJYTRE;5647836
AGTACGTTGTACAAGTTAGCGAACGA;OLPMKJNMJIUYTGF;4563782
TGTACAATGTAGAAGTTAGCGATCGG;GBDFRTCJFARTGVD;4579834
AGTACATTGTACAAGTTAGCTATCGA;KIJMNHBVCGFDTRE;8765438
