Gen_Name,WILD,PROTEIN,REGION3-5
gen_1,CGTACTTTGTACAAGTTAGCGATCGT,JDHYNCGTARGSTBH,3674891
gen_2,AGTACGTGGTACATGTTATCGATCGA,JUNDTGARESCBNCK,5647834
gen_3,CGTACTTTGTACAAGTTAGCGATCGT,KIJUGTDREASTRAW,8764542
gen_4,AGTACGTGGTACAAGTTAGCGATCGA,MVJUNHDTERTSGBX,7845632
gen_5,AGTACGTTGTAGAAGTTAGCGATCGA,IMJNHBVGFCDXSER,5637892
gen_6,GGTACGTTGTACAAGTTGGCGATCGA,MNBVCXZASEDRFTG,4567893
gen_7,AGTACGTCCTATAAGTTAGCGATCGT,LOMKJINUHNJYTRE,5647836
gen_8,AGTACGTTGTACAAGTTAGCGAACGA,OLPMKJNMJIUYTGF,4563782
gen_9,TGTACAATGTAGAAGTTAGCGATCGG,GBDFRTCJFARTGVD,4579834
gen_10,AGTACATTGTACAAGTTAGCTATCGA,KIJMNHBVCGFDTRE,8765438
gen_11,AGTACGTTGTACAAGTTAGCGAACGA,KSDHFKDSFSL,5165151
gen_12,TGTACAATGTAGAAGTTAGCGATCGG,DSKFHSDFDS,155245623
gen_13,AGTACATTGTACAAGTTAGCTATCGA,DSFDSFGSDFGSD,4258754556
gen_14,AGTACGTGGTACAAGTTAGCGATCGA,DFSGFDGFDGSDFG,513156151
gen_15,AGTACGTTGTAGAAGTTAGCGATCGA,FSDGDSFGDFS,75896542
gen_16,GGTACGTTGTACAAGTTGGCGATCGA,UKLÃ‘SAKDOASDA,12546584
gen_17,AGTACGTCCTATAAGTTAGCGATCGT,SDFSDFSDFF,222556
gen_18,AGTACGTTGTACAAGTTAGCGAACGA,DSFFSDGDSFGDFSG,7589654
gen_19,TGTACAATGTAGAAGTTAGCGATCGG,DGDFGFDSGDSFG,754896
gen_20,AGTACATTGTACAAGTTAGCTATCGA,DFGDFGDFGSDFG,754852
gen_21,AGTACGTGGTACAAGTTAGCGATCGA,FDGDGDFGFDGDF,75485212
gen_22,AGTACGTTGTAGAAGTTAGCGATCGA,DFGDFGGFDGDSGF,5111313151
gen_23,GGTACGTTGTACAAGTTGGCGATCGA,DFGDSFGDSFGDSF,455578
gen_24,AGTACGTCCTATAAGTTAGCGATCGT,FDGDSFG,12546
gen_25,AGTACGTTGTACAAGTTAGCGAACGA,DFGDFGDFSGDSFGDF,125456
gen_26,TGTACAATGTAGAAGTTAGCGATCGG,GFGDJJGJKGH,5554875
gen_27,AGTACATTGTACAAGTTAGCTATCGA,DFSGFDGFDGSDFG,754856962
gen_28,AGTACGTGGTACAAGTTAGCGATCGA,TRYTRTHFGHFHJ,5551145
gen_29,AGTACGTTGTAGAAGTTAGCGATCGA,FDGDFGDFGDSFG,75554215
gen_30,GGTACGTTGTACAAGTTGGCGATCGA,HFGGHJGFGJHGHJH,58654125
