WILD,PROTEIN,REGION3-5
CGTACTTTGTACAAGTTAGCGATCGTATGATTAGGTGATAGAGTAAT,JDHYNCGTARGSTBH,3674891
AGTACGTGGTACATGTTATCGATCGAATGATTAGGTGATAGAGTAAT,JUNDTGARESCBNCK,5647834
CGTACTTTGTACAAGTTAGCGATCGTATGATTAGGTGATAGAGTAAT,KIJUGTDREASTRAW,8764542
AGTACGTGGTACAAGTTAGCGATCGAATGATTAGGTGATAGAGTAAT,MVJUNHDTERTSGBX,7845632
AGTACGTTGTAGAAGTTAGCGATCGAATGATTAGGTGATAGAGTAAT,IMJNHBVGFCDXSER,5637892
GGTACGTTGTACAAGTTGGCGATCGAATGATTAGGTGATAGAGTAAT,MNBVCXZASEDRFTG,4567893
AGTACGTCCTATAAGTTAGCGATCGTATGATTAGGTGATAGAGTAAT,LOMKJINUHNJYTRE,5647836
AGTACGTTGTACAAGTTAGCGAACGAATGATTAGGTGATAGAGTAAT,OLPMKJNMJIUYTGF,4563782
TGTACAATGTAGAAGTTAGCGATCGGATGATTAGGTGATAGAGTAAT,GBDFRTCJFARTGVD,4579834
AGTACATTGTACAAGTTAGCTATCGAATGATTAGGTGATAGAGTAAT,KIJMNHBVCGFDTRE,8765438
